{
    "C1": [
        2.188488299761143,
        1.414111616863519,
        0.663853319541805,
        1.3131422332503975,
        1.2624952313933484,
        0.8952443322829537,
        1.031320947717199,
        0.9692455151645542,
        1.0171185608991906,
        2.282847943056334,
        0.750567958234372,
        1.778073012406514,
        0.6589357462727037,
        1.0185418834639817,
        0.7762277070639809,
        2.0193492258203407,
        1.5755915817073083,
        1.6808417672617135,
        2.261505523273706,
        1.3077658893602644,
        0.9471301824431977,
        1.242583014119143,
        1.831410418858613,
        2.2222431532872426,
        0.7391298397111463,
        1.1304260284696293,
        1.7009527398807447,
        1.1986486390512257,
        2.202904579679527,
        1.6001606049660593,
        2.158271431003273,
        1.1589806621212888,
        1.6588759301070224
    ],
    "C2": [
        0.6236231679068402,
        0.8841680276977144,
        0.5173709970050719,
        0.37984563403564775,
        0.5898543439596408,
        0.5456348208402364,
        0.44702392708285266,
        0.49712871152549964,
        0.23500304162552102,
        0.5926217961485338,
        0.5022698029859034,
        0.38972540006507705,
        0.26011284405210794,
        0.49345517523394833,
        0.3181448681689563,
        0.5536901305291269,
        0.3545101683683239,
        0.5130086740516293,
        0.5982613294881316,
        0.4282223520534586,
        0.6574029717587725,
        0.2587756948203006,
        0.692298591453995,
        0.5791492201262648,
        0.02614865982332753,
        0.9670106300634046,
        0.5062524658610863,
        0.2866561670936937,
        0.6140424528379724,
        0.6861975908169986,
        0.5890490577519439,
        0.46539149822428744,
        0.36524782083097274
    ],
    "C3": [
        0.849246074506508,
        0.6598961853684268,
        0.030239175181768035,
        0.10056750117052082,
        0.5608297940689648,
        0.44785078179983184,
        0.08219849292443887,
        0.4847219395123295,
        0.24037617036480982,
        0.8557038873660759,
        0.4224650455890561,
        0.41718902511791384,
        0.321251006931787,
        0.4605250870179051,
        0.19419159509093548,
        0.5926961692502883,
        0.46673133339829265,
        0.4195540563757814,
        0.8331699868166773,
        0.22583286337622868,
        0.3202470385056836,
        0.09527212569308807,
        0.6403265255294045,
        0.7242616007417001,
        0.11766952328120214,
        0.7041555918824912,
        0.5031242133096303,
        0.3497094212101418,
        0.839894221444969,
        0.6237300808804855,
        0.7060485088717732,
        0.4656664447233435,
        0.21055705760908278
    ],
    "C4": [
        0.96044921875,
        0.794189453125,
        0.54034423828125,
        0.6607666015625,
        0.70721435546875,
        0.59814453125,
        0.61004638671875,
        0.63726806640625,
        0.6558837890625,
        0.9599609375,
        0.5718994140625,
        0.78704833984375,
        0.6806640625,
        0.6402587890625,
        0.51141357421875,
        0.83349609375,
        0.817626953125,
        0.76739501953125,
        0.9482421875,
        0.6805419921875,
        0.64990234375,
        0.6358642578125,
        0.84912109375,
        0.908447265625,
        0.64166259765625,
        0.7828369140625,
        0.7657470703125,
        0.71954345703125,
        0.94061279296875,
        0.78411865234375,
        0.896240234375,
        0.6658935546875,
        0.73223876953125
    ]
}